{"epoch": 19, "valid_acc": 0.9967650626769107, "loss_p": {"train": [1.0633497474046805, 0.2729721521720595, 0.21235471197230926, 0.22989691805368165, 0.1910722013860037, 0.17267667170429038, 0.17046576418640424, 0.15296032709623825, 0.17317128411653845, 0.14545347036785877, 0.14894441256654903, 0.1312043534832419, 0.139519228791754, 0.11135819907591225, 0.1299766784908396, 0.13517614883975188, 0.12394489071270612, 0.1199437575875521, 0.1370134124747021, 0.1112842024815562], "val": [0.22581447580783318, 0.10788571732130024, 0.11307375558440713, 0.07818507689047187, 0.09645423982058925, 0.07691864885451567, 0.04664595173981592, 0.032628802526132136, 0.030095499303309868, 0.10934487029757943, 0.06192922234170672, 0.025768935543684958, 0.021045745660359206, 0.029827701070583572, 0.07307318230775316, 0.025692241545051057, 0.053375948334155814, 0.04270132623682175, 0.03349311743242296, 0.017164067095209606]}, "acc_p": {"train": [0.7145360593125141, 0.9222197259042911, 0.9373399236126713, 0.9355650415636936, 0.942394967423051, 0.9474500112334306, 0.9483936194113682, 0.9524601213210514, 0.9507077061334531, 0.9551112109638283, 0.9549090092114132, 0.9587733093686812, 0.9572230959334981, 0.9651089642776904, 0.9614468658728376, 0.9585935744776455, 0.962143338575601, 0.9631768141990564, 0.959200179734891, 0.9662098404852842], "val": [0.940760210270926, 0.971492114840275, 0.9682571775171857, 0.9801860088960777, 0.9704811969268096, 0.9781641730691468, 0.9856449656287909, 0.9911039223615042, 0.9911039223615042, 0.9664375252729478, 0.9818034775576223, 0.9927213910230489, 0.9949454104326728, 0.9915082895268904, 0.9801860088960777, 0.9941366761019005, 0.9818034775576223, 0.9886777193691872, 0.9909017387788112, 0.9967650626769107]}, "f1_p": {"train": [0.71118004953384, 0.9220385841256007, 0.9372283484327908, 0.9355130841389099, 0.9422812854997734, 0.9473633825752571, 0.948335719048121, 0.9524155569828548, 0.9506440519007626, 0.9550882605479718, 0.954886907579204, 0.9587501429824926, 0.9571974545038164, 0.9651015171056905, 0.9614205979502303, 0.9585594743067918, 0.9621411639156007, 0.9631519906890936, 0.9591693230371213, 0.9661958112925494], "val": [0.9421446395570282, 0.971509112336908, 0.9682222842327283, 0.9801834716076949, 0.9705959659676396, 0.9781724273938891, 0.9855343218524544, 0.9911784759298202, 0.9910809326718496, 0.966628570929293, 0.9818524579722184, 0.9927084068429638, 0.9949475295142157, 0.9915013601816636, 0.9802014003916956, 0.9941314708901853, 0.9816787430430997, 0.9887431162988232, 0.9909232754319666, 0.996763996910186]}}